{
  "label_col": "attack_id",
  "n_train": 208000,
  "n_test": 52000,
  "classification_report": {
    "1": {
      "precision": 0.9992492492492493,
      "recall": 0.99825,
      "f1-score": 0.9987493746873437,
      "support": 4000.0
    },
    "2": {
      "precision": 0.9982412060301508,
      "recall": 0.99325,
      "f1-score": 0.9957393483709274,
      "support": 4000.0
    },
    "3": {
      "precision": 0.9997498749374687,
      "recall": 0.99925,
      "f1-score": 0.9994998749687422,
      "support": 4000.0
    },
    "4": {
      "precision": 1.0,
      "recall": 1.0,
      "f1-score": 1.0,
      "support": 4000.0
    },
    "5": {
      "precision": 1.0,
      "recall": 1.0,
      "f1-score": 1.0,
      "support": 4000.0
    },
    "6": {
      "precision": 0.9747301275760549,
      "recall": 0.99325,
      "f1-score": 0.983902922238732,
      "support": 4000.0
    },
    "7": {
      "precision": 0.9447015834348356,
      "recall": 0.9695,
      "f1-score": 0.956940160394818,
      "support": 4000.0
    },
    "8": {
      "precision": 1.0,
      "recall": 1.0,
      "f1-score": 1.0,
      "support": 4000.0
    },
    "9": {
      "precision": 0.9771938522558254,
      "recall": 0.9855,
      "f1-score": 0.9813293502613891,
      "support": 4000.0
    },
    "10": {
      "precision": 0.9931175121080805,
      "recall": 0.974,
      "f1-score": 0.9834658588918339,
      "support": 4000.0
    },
    "11": {
      "precision": 0.9729456384323641,
      "recall": 0.962,
      "f1-score": 0.9674418604651163,
      "support": 4000.0
    },
    "12": {
      "precision": 0.9745635910224439,
      "recall": 0.977,
      "f1-score": 0.9757802746566792,
      "support": 4000.0
    },
    "13": {
      "precision": 0.9821565128728015,
      "recall": 0.96325,
      "f1-score": 0.9726113845765493,
      "support": 4000.0
    },
    "accuracy": 0.9857884615384616,
    "macro avg": {
      "precision": 0.9858960883014826,
      "recall": 0.9857884615384616,
      "f1-score": 0.9858046468855485,
      "support": 52000.0
    },
    "weighted avg": {
      "precision": 0.9858960883014827,
      "recall": 0.9857884615384616,
      "f1-score": 0.9858046468855485,
      "support": 52000.0
    }
  },
  "roc_auc_macro": 0.9996454014423077,
  "roc_auc_weighted": 0.9996454014423077
}